{
  "type": "FeatureCollection",
  "crs": {
    "type": "name",
    "properties": {
      "name": "urn:ogc:def:crs:OGC:1.3:CRS84"
    }
  },
  "features": [
    {
      "type": "Feature",
      "properties": {
        "risk_code": "P80_EXTREME",
        "risk_label": "Zone Rouge : Risque Extr\u00eame (P >= 80%)",
        "probability_threshold": 0.8,
        "time_minutes": 60,
        "stroke": "#dc2626",
        "fill": "#dc2626",
        "fill-opacity": 0.6
      },
      "geometry": {
        "type": "Polygon",
        "coordinates": [
          [
            [
              2.7769670039069423,
              43.5082
            ],
            [
              2.7769670039069423,
              43.5086491555875
            ],
            [
              2.7769670039069423,
              43.509098311174995
            ],
            [
              2.7769670039069423,
              43.50954746676249
            ],
            [
              2.7772766485673306,
              43.509772044556236
            ],
            [
              2.7778959378881063,
              43.509772044556236
            ],
            [
              2.778205582548494,
              43.50999662234999
            ],
            [
              2.7778959378881063,
              43.51022120014373
            ],
            [
              2.7772766485673306,
              43.51022120014373
            ],
            [
              2.7769670039069423,
              43.51044577793748
            ],
            [
              2.7772766485673306,
              43.51067035573123
            ],
            [
              2.7775862932277184,
              43.51089493352497
            ],
            [
              2.7775862932277184,
              43.51134408911247
            ],
            [
              2.7778959378881063,
              43.51156866690622
            ],
            [
              2.778205582548494,
              43.511793244699966
            ],
            [
              2.778205582548494,
              43.51224240028746
            ],
            [
              2.778205582548494,
              43.51269155587496
            ],
            [
              2.7778959378881063,
              43.5129161336687
            ],
            [
              2.7775862932277184,
              43.513140711462455
            ],
            [
              2.7775862932277184,
              43.51358986704995
            ],
            [
              2.7775862932277184,
              43.51403902263744
            ],
            [
              2.7778959378881063,
              43.51426360043119
            ],
            [
              2.778205582548494,
              43.51448817822494
            ],
            [
              2.7778959378881063,
              43.51471275601869
            ],
            [
              2.7772766485673306,
              43.51471275601869
            ],
            [
              2.7769670039069423,
              43.51493733381243
            ],
            [
              2.7772766485673306,
              43.515161911606185
            ],
            [
              2.7775862932277184,
              43.51538648939993
            ],
            [
              2.7772766485673306,
              43.51561106719368
            ],
            [
              2.7769670039069423,
              43.515835644987426
            ],
            [
              2.7772766485673306,
              43.51606022278117
            ],
            [
              2.7775862932277184,
              43.51628480057492
            ],
            [
              2.7772766485673306,
              43.51650937836867
            ],
            [
              2.7769670039069423,
              43.51673395616242
            ],
            [
              2.7766573592465544,
              43.51695853395616
            ],
            [
              2.7763477145861666,
              43.517183111749915
            ],
            [
              2.7763477145861666,
              43.517632267337405
            ],
            [
              2.7763477145861666,
              43.5180814229249
            ],
            [
              2.7760380699257787,
              43.51830600071865
            ],
            [
              2.7754187806050026,
              43.51830600071865
            ],
            [
              2.7751091359446147,
              43.5185305785124
            ],
            [
              2.7754187806050026,
              43.51875515630615
            ],
            [
              2.7757284252653904,
              43.518979734099894
            ],
            [
              2.7754187806050026,
              43.519204311893645
            ],
            [
              2.7751091359446147,
              43.51942888968739
            ],
            [
              2.774799491284227,
              43.519653467481135
            ],
            [
              2.7741802019634507,
              43.519653467481135
            ],
            [
              2.773870557303063,
              43.519878045274886
            ],
            [
              2.773560912642675,
              43.52010262306863
            ],
            [
              2.773251267982287,
              43.519878045274886
            ],
            [
              2.773251267982287,
              43.51942888968739
            ],
            [
              2.772941623321899,
              43.519204311893645
            ],
            [
              2.772631978661511,
              43.518979734099894
            ],
            [
              2.772631978661511,
              43.5185305785124
            ],
            [
              2.772322334001123,
              43.51830600071865
            ],
            [
              2.7720126893407353,
              43.5180814229249
            ],
            [
              2.7720126893407353,
              43.517632267337405
            ],
            [
              2.7717030446803474,
              43.51740768954366
            ],
            [
              2.771393400019959,
              43.517183111749915
            ],
            [
              2.771393400019959,
              43.51673395616242
            ],
            [
              2.7710837553595713,
              43.51650937836867
            ],
            [
              2.7704644660387956,
              43.51650937836867
            ],
            [
              2.7698451767180194,
              43.51650937836867
            ],
            [
              2.7695355320576316,
              43.51673395616242
            ],
            [
              2.7695355320576316,
              43.517183111749915
            ],
            [
              2.7695355320576316,
              43.517632267337405
            ],
            [
              2.7695355320576316,
              43.5180814229249
            ],
            [
              2.7698451767180194,
              43.51830600071865
            ],
            [
              2.7701548213784073,
              43.5185305785124
            ],
            [
              2.7701548213784073,
              43.518979734099894
            ],
            [
              2.7701548213784073,
              43.51942888968739
            ],
            [
              2.7704644660387956,
              43.519653467481135
            ],
            [
              2.7707741106991834,
              43.519878045274886
            ],
            [
              2.7707741106991834,
              43.52032720086238
            ],
            [
              2.7710837553595713,
              43.52055177865613
            ],
            [
              2.771393400019959,
              43.52077635644988
            ],
            [
              2.771393400019959,
              43.521225512037375
            ],
            [
              2.7717030446803474,
              43.52145008983112
            ],
            [
              2.7720126893407353,
              43.521674667624865
            ],
            [
              2.7720126893407353,
              43.52212382321236
            ],
            [
              2.7720126893407353,
              43.52257297879986
            ],
            [
              2.772322334001123,
              43.52279755659361
            ],
            [
              2.772631978661511,
              43.523022134387354
            ],
            [
              2.772631978661511,
              43.52347128997485
            ],
            [
              2.772941623321899,
              43.523695867768595
            ],
            [
              2.773251267982287,
              43.52392044556235
            ],
            [
              2.773251267982287,
              43.52436960114984
            ],
            [
              2.773560912642675,
              43.52459417894359
            ],
            [
              2.773870557303063,
              43.52481875673734
            ],
            [
              2.773870557303063,
              43.52526791232483
            ],
            [
              2.7741802019634507,
              43.52549249011858
            ],
            [
              2.774489846623839,
              43.525717067912325
            ],
            [
              2.774489846623839,
              43.52616622349982
            ],
            [
              2.774799491284227,
              43.52639080129357
            ],
            [
              2.7751091359446147,
              43.52661537908732
            ],
            [
              2.7751091359446147,
              43.527064534674814
            ],
            [
              2.7751091359446147,
              43.52751369026231
            ],
            [
              2.7754187806050026,
              43.527738268056055
            ],
            [
              2.7757284252653904,
              43.52796284584981
            ],
            [
              2.7757284252653904,
              43.5284120014373
            ],
            [
              2.7760380699257787,
              43.52863657923105
            ],
            [
              2.7763477145861666,
              43.52886115702479
            ],
            [
              2.7763477145861666,
              43.52931031261229
            ],
            [
              2.7766573592465544,
              43.52953489040604
            ],
            [
              2.7769670039069423,
              43.529759468199785
            ],
            [
              2.7769670039069423,
              43.53020862378728
            ],
            [
              2.7769670039069423,
              43.53065777937478
            ],
            [
              2.7772766485673306,
              43.53088235716852
            ],
            [
              2.7775862932277184,
              43.531106934962274
            ],
            [
              2.7775862932277184,
              43.53155609054977
            ],
            [
              2.7778959378881063,
              43.531780668343515
            ],
            [
              2.778205582548494,
              43.53200524613727
            ],
            [
              2.778205582548494,
              43.53245440172476
            ],
            [
              2.7785152272088824,
              43.53267897951851
            ],
            [
              2.7788248718692703,
              43.53290355731225
            ],
            [
              2.7788248718692703,
              43.53335271289975
            ],
            [
              2.779134516529658,
              43.5335772906935
            ],
            [
              2.779444161190046,
              43.533801868487245
            ],
            [
              2.779444161190046,
              43.53425102407474
            ],
            [
              2.779753805850434,
              43.534475601868486
            ],
            [
              2.780063450510822,
              43.53470017966224
            ],
            [
              2.780063450510822,
              43.535149335249734
            ],
            [
              2.780063450510822,
              43.53559849083723
            ],
            [
              2.78037309517121,
              43.535823068630975
            ],
            [
              2.780682739831598,
              43.53604764642473
            ],
            [
              2.780682739831598,
              43.536496802012216
            ],
            [
              2.7809923844919857,
              43.53672137980597
            ],
            [
              2.781302029152374,
              43.53694595759971
            ],
            [
              2.781302029152374,
              43.53739511318721
            ],
            [
              2.781611673812762,
              43.53761969098096
            ],
            [
              2.7819213184731497,
              43.537844268774705
            ],
            [
              2.7819213184731497,
              43.5382934243622
            ],
            [
              2.7819213184731497,
              43.5387425799497
            ],
            [
              2.7822309631335376,
              43.53896715774344
            ],
            [
              2.7825406077939254,
              43.539191735537194
            ],
            [
              2.7822309631335376,
              43.53941631333094
            ],
            [
              2.781611673812762,
              43.53941631333094
            ],
            [
              2.781302029152374,
              43.53964089112469
            ],
            [
              2.781611673812762,
              43.539865468918435
            ],
            [
              2.7822309631335376,
              43.539865468918435
            ],
            [
              2.7825406077939254,
              43.54009004671218
            ],
            [
              2.7822309631335376,
              43.54031462450593
            ],
            [
              2.7819213184731497,
              43.540539202299676
            ],
            [
              2.7819213184731497,
              43.54098835788717
            ],
            [
              2.781611673812762,
              43.541212935680925
            ],
            [
              2.781302029152374,
              43.54143751347467
            ],
            [
              2.781302029152374,
              43.541886669062166
            ],
            [
              2.7809923844919857,
              43.54211124685591
            ],
            [
              2.780682739831598,
              43.54233582464966
            ],
            [
              2.78037309517121,
              43.54256040244341
            ],
            [
              2.780063450510822,
              43.54278498023716
            ],
            [
              2.779753805850434,
              43.5430095580309
            ],
            [
              2.779444161190046,
              43.543234135824655
            ],
            [
              2.779444161190046,
              43.543683291412144
            ],
            [
              2.779134516529658,
              43.543907869205896
            ],
            [
              2.7788248718692703,
              43.54413244699964
            ],
            [
              2.7785152272088824,
              43.54435702479339
            ],
            [
              2.778205582548494,
              43.54458160258714
            ],
            [
              2.7778959378881063,
              43.54480618038089
            ],
            [
              2.7775862932277184,
              43.54503075817463
            ],
            [
              2.7772766485673306,
              43.545255335968385
            ],
            [
              2.7769670039069423,
              43.54547991376213
            ],
            [
              2.7766573592465544,
              43.545704491555874
            ],
            [
              2.7763477145861666,
              43.545929069349626
            ],
            [
              2.7760380699257787,
              43.54615364714337
            ],
            [
              2.7754187806050026,
              43.54615364714337
            ],
            [
              2.7751091359446147,
              43.54637822493712
            ],
            [
              2.7751091359446147,
              43.54682738052462
            ],
            [
              2.774799491284227,
              43.54705195831836
            ],
            [
              2.774489846623839,
              43.547276536112115
            ],
            [
              2.774489846623839,
              43.547725691699604
            ],
            [
              2.7741802019634507,
              43.547950269493356
            ],
            [
              2.773560912642675,
              43.547950269493356
            ],
            [
              2.772941623321899,
              43.547950269493356
            ],
            [
              2.772322334001123,
              43.547950269493356
            ],
            [
              2.7717030446803474,
              43.547950269493356
            ],
            [
              2.771393400019959,
              43.5481748472871
            ],
            [
              2.771393400019959,
              43.5486240028746
            ],
            [
              2.7710837553595713,
              43.54884858066835
            ],
            [
              2.7707741106991834,
              43.5486240028746
            ],
            [
              2.7704644660387956,
              43.54839942508085
            ],
            [
              2.7701548213784073,
              43.5486240028746
            ],
            [
              2.7704644660387956,
              43.54884858066835
            ],
            [
              2.7707741106991834,
              43.54907315846209
            ],
            [
              2.7704644660387956,
              43.54929773625584
            ],
            [
              2.7701548213784073,
              43.54952231404959
            ],
            [
              2.7698451767180194,
              43.549746891843334
            ],
            [
              2.7695355320576316,
              43.54952231404959
            ],
            [
              2.7692258873972437,
              43.54929773625584
            ],
            [
              2.7689162427368554,
              43.54952231404959
            ],
            [
              2.7686065980764676,
              43.549746891843334
            ],
            [
              2.7682969534160797,
              43.549971469637086
            ],
            [
              2.767987308755692,
              43.55019604743083
            ],
            [
              2.7673680194349157,
              43.55019604743083
            ],
            [
              2.76674873011414,
              43.55019604743083
            ],
            [
              2.766439085453752,
              43.55042062522458
            ],
            [
              2.766129440793364,
              43.55064520301833
            ],
            [
              2.765510151472588,
              43.55064520301833
            ],
            [
              2.7648908621518125,
              43.55064520301833
            ],
            [
              2.764581217491424,
              43.55042062522458
            ],
            [
              2.7642715728310363,
              43.55019604743083
            ],
            [
              2.7636522835102606,
              43.55019604743083
            ],
            [
              2.7633426388498723,
              43.55042062522458
            ],
            [
              2.7630329941894844,
              43.55064520301833
            ],
            [
              2.7627233495290966,
              43.55042062522458
            ],
            [
              2.7624137048687087,
              43.55019604743083
            ],
            [
              2.762104060208321,
              43.55042062522458
            ],
            [
              2.7617944155479326,
              43.55064520301833
            ],
            [
              2.7614847708875447,
              43.55042062522458
            ],
            [
              2.761175126227157,
              43.55019604743083
            ],
            [
              2.7605558369063807,
              43.55019604743083
            ],
            [
              2.760246192245993,
              43.55042062522458
            ],
            [
              2.759936547585605,
              43.55064520301833
            ],
            [
              2.759317258264829,
              43.55064520301833
            ],
            [
              2.759007613604441,
              43.55042062522458
            ],
            [
              2.758697968944053,
              43.55019604743083
            ],
            [
              2.7583883242836653,
              43.549971469637086
            ],
            [
              2.7580786796232775,
              43.549746891843334
            ],
            [
              2.757769034962889,
              43.549971469637086
            ],
            [
              2.757769034962889,
              43.55042062522458
            ],
            [
              2.7574593903025013,
              43.55064520301833
            ],
            [
              2.7571497456421135,
              43.55042062522458
            ],
            [
              2.7571497456421135,
              43.549971469637086
            ],
            [
              2.7568401009817256,
              43.549746891843334
            ],
            [
              2.7562208116609495,
              43.549746891843334
            ],
            [
              2.7556015223401737,
              43.549746891843334
            ],
            [
              2.755291877679786,
              43.549971469637086
            ],
            [
              2.7549822330193976,
              43.55019604743083
            ],
            [
              2.754362943698622,
              43.55019604743083
            ],
            [
              2.7537436543778457,
              43.55019604743083
            ],
            [
              2.75312436505707,
              43.55019604743083
            ],
            [
              2.752505075736294,
              43.55019604743083
            ],
            [
              2.752195431075906,
              43.549971469637086
            ],
            [
              2.751885786415518,
              43.549746891843334
            ],
            [
              2.7512664970947425,
              43.549746891843334
            ],
            [
              2.750956852434354,
              43.54952231404959
            ],
            [
              2.7506472077739663,
              43.54929773625584
            ],
            [
              2.7503375631135785,
              43.54952231404959
            ],
            [
              2.7500279184531906,
              43.549746891843334
            ],
            [
              2.7494086291324145,
              43.549746891843334
            ],
            [
              2.7490989844720266,
              43.549971469637086
            ],
            [
              2.7487893398116388,
              43.55019604743083
            ],
            [
              2.748479695151251,
              43.549971469637086
            ],
            [
              2.7481700504908626,
              43.549746891843334
            ],
            [
              2.747550761170087,
              43.549746891843334
            ],
            [
              2.747241116509699,
              43.549971469637086
            ],
            [
              2.7469314718493107,
              43.55019604743083
            ],
            [
              2.746621827188923,
              43.549971469637086
            ],
            [
              2.746621827188923,
              43.54952231404959
            ],
            [
              2.746312182528535,
              43.54929773625584
            ],
            [
              2.7456928932077593,
              43.54929773625584
            ],
            [
              2.745383248547371,
              43.54952231404959
            ],
            [
              2.745383248547371,
              43.549971469637086
            ],
            [
              2.745073603886983,
              43.55019604743083
            ],
            [
              2.7444543145662075,
              43.55019604743083
            ],
            [
              2.7438350252454313,
              43.55019604743083
            ],
            [
              2.7432157359246556,
              43.55019604743083
            ],
            [
              2.7429060912642673,
              43.549971469637086
            ],
            [
              2.7429060912642673,
              43.54952231404959
            ],
            [
              2.7425964466038795,
              43.54929773625584
            ],
            [
              2.7419771572831038,
              43.54929773625584
            ],
            [
              2.741667512622716,
              43.54952231404959
            ],
            [
              2.7413578679623276,
              43.549746891843334
            ],
            [
              2.7410482233019398,
              43.54952231404959
            ],
            [
              2.740738578641552,
              43.54929773625584
            ],
            [
              2.740428933981164,
              43.54952231404959
            ],
            [
              2.7401192893207758,
              43.549746891843334
            ],
            [
              2.739809644660388,
              43.54952231404959
            ],
            [
              2.7395,
              43.54929773625584
            ],
            [
              2.7769670039069423,
              43.5082
            ]
          ]
        ]
      }
    },
    {
      "type": "Feature",
      "properties": {
        "risk_code": "P80_EXTREME",
        "risk_label": "Zone Rouge : Risque Extr\u00eame (P >= 80%)",
        "probability_threshold": 0.8,
        "time_minutes": 60,
        "stroke": "#dc2626",
        "fill": "#dc2626",
        "fill-opacity": 0.6
      },
      "geometry": {
        "type": "Polygon",
        "coordinates": [
          [
            [
              2.7778959378881063,
              43.50842457779375
            ],
            [
              2.778205582548494,
              43.5086491555875
            ],
            [
              2.7778959378881063,
              43.50887373338124
            ],
            [
              2.7775862932277184,
              43.5086491555875
            ],
            [
              2.7778959378881063,
              43.50842457779375
            ]
          ]
        ]
      }
    },
    {
      "type": "Feature",
      "properties": {
        "risk_code": "P80_EXTREME",
        "risk_label": "Zone Rouge : Risque Extr\u00eame (P >= 80%)",
        "probability_threshold": 0.8,
        "time_minutes": 60,
        "stroke": "#dc2626",
        "fill": "#dc2626",
        "fill-opacity": 0.6
      },
      "geometry": {
        "type": "Polygon",
        "coordinates": [
          [
            [
              2.7444543145662075,
              43.54929773625584
            ],
            [
              2.744144669905819,
              43.54952231404959
            ],
            [
              2.7444543145662075,
              43.549746891843334
            ],
            [
              2.7447639592265953,
              43.54952231404959
            ],
            [
              2.7444543145662075,
              43.54929773625584
            ]
          ]
        ]
      }
    },
    {
      "type": "Feature",
      "properties": {
        "risk_code": "P80_EXTREME",
        "risk_label": "Zone Rouge : Risque Extr\u00eame (P >= 80%)",
        "probability_threshold": 0.8,
        "time_minutes": 60,
        "stroke": "#dc2626",
        "fill": "#dc2626",
        "fill-opacity": 0.6
      },
      "geometry": {
        "type": "Polygon",
        "coordinates": [
          [
            [
              2.7506472077739663,
              43.549746891843334
            ],
            [
              2.750956852434354,
              43.549971469637086
            ],
            [
              2.7506472077739663,
              43.55019604743083
            ],
            [
              2.7503375631135785,
              43.549971469637086
            ],
            [
              2.7506472077739663,
              43.549746891843334
            ]
          ]
        ]
      }
    },
    {
      "type": "Feature",
      "properties": {
        "risk_code": "P50_HIGH",
        "risk_label": "Zone Orange : Forte Probabilit\u00e9 (P >= 50%)",
        "probability_threshold": 0.5,
        "time_minutes": 60,
        "stroke": "#ea580c",
        "fill": "#ea580c",
        "fill-opacity": 0.4
      },
      "geometry": {
        "type": "Polygon",
        "coordinates": [
          [
            [
              2.7825406077939254,
              43.5082
            ],
            [
              2.7828502524543137,
              43.50842457779375
            ],
            [
              2.7831598971147016,
              43.5086491555875
            ],
            [
              2.7831598971147016,
              43.509098311174995
            ],
            [
              2.7831598971147016,
              43.50954746676249
            ],
            [
              2.7831598971147016,
              43.50999662234999
            ],
            [
              2.7831598971147016,
              43.51044577793748
            ],
            [
              2.7831598971147016,
              43.51089493352497
            ],
            [
              2.7831598971147016,
              43.51134408911247
            ],
            [
              2.7831598971147016,
              43.511793244699966
            ],
            [
              2.7828502524543137,
              43.51201782249371
            ],
            [
              2.7825406077939254,
              43.51224240028746
            ],
            [
              2.7825406077939254,
              43.51269155587496
            ],
            [
              2.7822309631335376,
              43.5129161336687
            ],
            [
              2.7819213184731497,
              43.513140711462455
            ],
            [
              2.7819213184731497,
              43.51358986704995
            ],
            [
              2.781611673812762,
              43.513814444843696
            ],
            [
              2.781302029152374,
              43.51403902263744
            ],
            [
              2.781302029152374,
              43.51448817822494
            ],
            [
              2.7809923844919857,
              43.51471275601869
            ],
            [
              2.780682739831598,
              43.51493733381243
            ],
            [
              2.780682739831598,
              43.51538648939993
            ],
            [
              2.78037309517121,
              43.51561106719368
            ],
            [
              2.780063450510822,
              43.515835644987426
            ],
            [
              2.780063450510822,
              43.51628480057492
            ],
            [
              2.780063450510822,
              43.51673395616242
            ],
            [
              2.780063450510822,
              43.517183111749915
            ],
            [
              2.779753805850434,
              43.51740768954366
            ],
            [
              2.779444161190046,
              43.517632267337405
            ],
            [
              2.779134516529658,
              43.517856845131156
            ],
            [
              2.7788248718692703,
              43.5180814229249
            ],
            [
              2.7788248718692703,
              43.5185305785124
            ],
            [
              2.7785152272088824,
              43.51875515630615
            ],
            [
              2.778205582548494,
              43.518979734099894
            ],
            [
              2.7778959378881063,
              43.519204311893645
            ],
            [
              2.7772766485673306,
              43.519204311893645
            ],
            [
              2.7769670039069423,
              43.51942888968739
            ],
            [
              2.7766573592465544,
              43.519653467481135
            ],
            [
              2.7763477145861666,
              43.519878045274886
            ],
            [
              2.7760380699257787,
              43.52010262306863
            ],
            [
              2.7757284252653904,
              43.52032720086238
            ],
            [
              2.7754187806050026,
              43.52055177865613
            ],
            [
              2.774799491284227,
              43.52055177865613
            ],
            [
              2.774489846623839,
              43.52077635644988
            ],
            [
              2.7741802019634507,
              43.521000934243624
            ],
            [
              2.773870557303063,
              43.52077635644988
            ],
            [
              2.773560912642675,
              43.52055177865613
            ],
            [
              2.773251267982287,
              43.52032720086238
            ],
            [
              2.773251267982287,
              43.519878045274886
            ],
            [
              2.773251267982287,
              43.51942888968739
            ],
            [
              2.772941623321899,
              43.519204311893645
            ],
            [
              2.772631978661511,
              43.518979734099894
            ],
            [
              2.772631978661511,
              43.5185305785124
            ],
            [
              2.772322334001123,
              43.51830600071865
            ],
            [
              2.7720126893407353,
              43.5180814229249
            ],
            [
              2.7720126893407353,
              43.517632267337405
            ],
            [
              2.7717030446803474,
              43.51740768954366
            ],
            [
              2.771393400019959,
              43.517183111749915
            ],
            [
              2.771393400019959,
              43.51673395616242
            ],
            [
              2.7710837553595713,
              43.51650937836867
            ],
            [
              2.7704644660387956,
              43.51650937836867
            ],
            [
              2.7698451767180194,
              43.51650937836867
            ],
            [
              2.7695355320576316,
              43.51673395616242
            ],
            [
              2.7695355320576316,
              43.517183111749915
            ],
            [
              2.7695355320576316,
              43.517632267337405
            ],
            [
              2.7695355320576316,
              43.5180814229249
            ],
            [
              2.7698451767180194,
              43.51830600071865
            ],
            [
              2.7701548213784073,
              43.5185305785124
            ],
            [
              2.7701548213784073,
              43.518979734099894
            ],
            [
              2.7701548213784073,
              43.51942888968739
            ],
            [
              2.7704644660387956,
              43.519653467481135
            ],
            [
              2.7707741106991834,
              43.519878045274886
            ],
            [
              2.7707741106991834,
              43.52032720086238
            ],
            [
              2.7710837553595713,
              43.52055177865613
            ],
            [
              2.771393400019959,
              43.52077635644988
            ],
            [
              2.771393400019959,
              43.521225512037375
            ],
            [
              2.7717030446803474,
              43.52145008983112
            ],
            [
              2.7720126893407353,
              43.521674667624865
            ],
            [
              2.7720126893407353,
              43.52212382321236
            ],
            [
              2.7720126893407353,
              43.52257297879986
            ],
            [
              2.772322334001123,
              43.52279755659361
            ],
            [
              2.772631978661511,
              43.523022134387354
            ],
            [
              2.772631978661511,
              43.52347128997485
            ],
            [
              2.772941623321899,
              43.523695867768595
            ],
            [
              2.773251267982287,
              43.52392044556235
            ],
            [
              2.773251267982287,
              43.52436960114984
            ],
            [
              2.773560912642675,
              43.52459417894359
            ],
            [
              2.773870557303063,
              43.52481875673734
            ],
            [
              2.773870557303063,
              43.52526791232483
            ],
            [
              2.7741802019634507,
              43.52549249011858
            ],
            [
              2.774489846623839,
              43.525717067912325
            ],
            [
              2.774489846623839,
              43.52616622349982
            ],
            [
              2.774799491284227,
              43.52639080129357
            ],
            [
              2.7751091359446147,
              43.52661537908732
            ],
            [
              2.7751091359446147,
              43.527064534674814
            ],
            [
              2.7751091359446147,
              43.52751369026231
            ],
            [
              2.7754187806050026,
              43.527738268056055
            ],
            [
              2.7757284252653904,
              43.52796284584981
            ],
            [
              2.7757284252653904,
              43.5284120014373
            ],
            [
              2.7760380699257787,
              43.52863657923105
            ],
            [
              2.7763477145861666,
              43.52886115702479
            ],
            [
              2.7763477145861666,
              43.52931031261229
            ],
            [
              2.7766573592465544,
              43.52953489040604
            ],
            [
              2.7769670039069423,
              43.529759468199785
            ],
            [
              2.7769670039069423,
              43.53020862378728
            ],
            [
              2.7769670039069423,
              43.53065777937478
            ],
            [
              2.7772766485673306,
              43.53088235716852
            ],
            [
              2.7775862932277184,
              43.531106934962274
            ],
            [
              2.7775862932277184,
              43.53155609054977
            ],
            [
              2.7778959378881063,
              43.531780668343515
            ],
            [
              2.778205582548494,
              43.53200524613727
            ],
            [
              2.778205582548494,
              43.53245440172476
            ],
            [
              2.7785152272088824,
              43.53267897951851
            ],
            [
              2.7788248718692703,
              43.53290355731225
            ],
            [
              2.7788248718692703,
              43.53335271289975
            ],
            [
              2.779134516529658,
              43.5335772906935
            ],
            [
              2.779444161190046,
              43.533801868487245
            ],
            [
              2.779444161190046,
              43.53425102407474
            ],
            [
              2.779753805850434,
              43.534475601868486
            ],
            [
              2.780063450510822,
              43.53470017966224
            ],
            [
              2.780063450510822,
              43.535149335249734
            ],
            [
              2.780063450510822,
              43.53559849083723
            ],
            [
              2.78037309517121,
              43.535823068630975
            ],
            [
              2.780682739831598,
              43.53604764642473
            ],
            [
              2.780682739831598,
              43.536496802012216
            ],
            [
              2.7809923844919857,
              43.53672137980597
            ],
            [
              2.781302029152374,
              43.53694595759971
            ],
            [
              2.781302029152374,
              43.53739511318721
            ],
            [
              2.781611673812762,
              43.53761969098096
            ],
            [
              2.7819213184731497,
              43.537844268774705
            ],
            [
              2.7819213184731497,
              43.5382934243622
            ],
            [
              2.7819213184731497,
              43.5387425799497
            ],
            [
              2.7822309631335376,
              43.53896715774344
            ],
            [
              2.7825406077939254,
              43.539191735537194
            ],
            [
              2.7825406077939254,
              43.53964089112469
            ],
            [
              2.7828502524543137,
              43.539865468918435
            ],
            [
              2.7831598971147016,
              43.54009004671218
            ],
            [
              2.7831598971147016,
              43.540539202299676
            ],
            [
              2.7828502524543137,
              43.54076378009343
            ],
            [
              2.7825406077939254,
              43.54098835788717
            ],
            [
              2.7822309631335376,
              43.541212935680925
            ],
            [
              2.7819213184731497,
              43.54143751347467
            ],
            [
              2.7819213184731497,
              43.541886669062166
            ],
            [
              2.781611673812762,
              43.54211124685591
            ],
            [
              2.781302029152374,
              43.54233582464966
            ],
            [
              2.781302029152374,
              43.54278498023716
            ],
            [
              2.7809923844919857,
              43.5430095580309
            ],
            [
              2.780682739831598,
              43.543234135824655
            ],
            [
              2.78037309517121,
              43.5434587136184
            ],
            [
              2.780063450510822,
              43.543683291412144
            ],
            [
              2.779753805850434,
              43.543907869205896
            ],
            [
              2.779444161190046,
              43.54413244699964
            ],
            [
              2.779444161190046,
              43.54458160258714
            ],
            [
              2.779134516529658,
              43.54480618038089
            ],
            [
              2.7788248718692703,
              43.54503075817463
            ],
            [
              2.7785152272088824,
              43.545255335968385
            ],
            [
              2.778205582548494,
              43.54547991376213
            ],
            [
              2.7778959378881063,
              43.545704491555874
            ],
            [
              2.7775862932277184,
              43.545929069349626
            ],
            [
              2.7772766485673306,
              43.54615364714337
            ],
            [
              2.7769670039069423,
              43.54637822493712
            ],
            [
              2.7769670039069423,
              43.54682738052462
            ],
            [
              2.7769670039069423,
              43.547276536112115
            ],
            [
              2.7766573592465544,
              43.54750111390586
            ],
            [
              2.7760380699257787,
              43.54750111390586
            ],
            [
              2.7757284252653904,
              43.547725691699604
            ],
            [
              2.7757284252653904,
              43.5481748472871
            ],
            [
              2.7754187806050026,
              43.54839942508085
            ],
            [
              2.7751091359446147,
              43.5486240028746
            ],
            [
              2.7751091359446147,
              43.54907315846209
            ],
            [
              2.774799491284227,
              43.54929773625584
            ],
            [
              2.774489846623839,
              43.54952231404959
            ],
            [
              2.774799491284227,
              43.549746891843334
            ],
            [
              2.7751091359446147,
              43.549971469637086
            ],
            [
              2.774799491284227,
              43.55019604743083
            ],
            [
              2.774489846623839,
              43.55042062522458
            ],
            [
              2.7741802019634507,
              43.55064520301833
            ],
            [
              2.773560912642675,
              43.55064520301833
            ],
            [
              2.773251267982287,
              43.55086978081208
            ],
            [
              2.773251267982287,
              43.55131893639957
            ],
            [
              2.772941623321899,
              43.55154351419332
            ],
            [
              2.772322334001123,
              43.55154351419332
            ],
            [
              2.7717030446803474,
              43.55154351419332
            ],
            [
              2.771393400019959,
              43.551768091987064
            ],
            [
              2.771393400019959,
              43.55221724757456
            ],
            [
              2.7710837553595713,
              43.55244182536831
            ],
            [
              2.7704644660387956,
              43.55244182536831
            ],
            [
              2.7701548213784073,
              43.55266640316206
            ],
            [
              2.7698451767180194,
              43.55289098095581
            ],
            [
              2.7695355320576316,
              43.55311555874955
            ],
            [
              2.7692258873972437,
              43.5533401365433
            ],
            [
              2.7686065980764676,
              43.5533401365433
            ],
            [
              2.767987308755692,
              43.5533401365433
            ],
            [
              2.767677664095304,
              43.55356471433705
            ],
            [
              2.7673680194349157,
              43.553789292130794
            ],
            [
              2.767058374774528,
              43.554013869924546
            ],
            [
              2.76674873011414,
              43.55423844771829
            ],
            [
              2.766129440793364,
              43.55423844771829
            ],
            [
              2.765510151472588,
              43.55423844771829
            ],
            [
              2.7648908621518125,
              43.55423844771829
            ],
            [
              2.764581217491424,
              43.55446302551204
            ],
            [
              2.7648908621518125,
              43.55468760330579
            ],
            [
              2.7652005068122003,
              43.55491218109953
            ],
            [
              2.7648908621518125,
              43.55513675889328
            ],
            [
              2.7642715728310363,
              43.55513675889328
            ],
            [
              2.7639619281706485,
              43.55491218109953
            ],
            [
              2.7639619281706485,
              43.55446302551204
            ],
            [
              2.7636522835102606,
              43.55423844771829
            ],
            [
              2.7633426388498723,
              43.55446302551204
            ],
            [
              2.7633426388498723,
              43.55491218109953
            ],
            [
              2.7630329941894844,
              43.55513675889328
            ],
            [
              2.7627233495290966,
              43.55491218109953
            ],
            [
              2.7624137048687087,
              43.55468760330579
            ],
            [
              2.7617944155479326,
              43.55468760330579
            ],
            [
              2.7614847708875447,
              43.55491218109953
            ],
            [
              2.7617944155479326,
              43.55513675889328
            ],
            [
              2.762104060208321,
              43.55536133668703
            ],
            [
              2.7617944155479326,
              43.55558591448078
            ],
            [
              2.761175126227157,
              43.55558591448078
            ],
            [
              2.760865481566769,
              43.55536133668703
            ],
            [
              2.7605558369063807,
              43.55513675889328
            ],
            [
              2.760246192245993,
              43.55536133668703
            ],
            [
              2.7605558369063807,
              43.55558591448078
            ],
            [
              2.760865481566769,
              43.555810492274524
            ],
            [
              2.7605558369063807,
              43.556035070068276
            ],
            [
              2.759936547585605,
              43.556035070068276
            ],
            [
              2.759317258264829,
              43.556035070068276
            ],
            [
              2.759007613604441,
              43.555810492274524
            ],
            [
              2.759007613604441,
              43.55536133668703
            ],
            [
              2.758697968944053,
              43.55513675889328
            ],
            [
              2.7580786796232775,
              43.55513675889328
            ],
            [
              2.7574593903025013,
              43.55513675889328
            ],
            [
              2.7568401009817256,
              43.55513675889328
            ],
            [
              2.7562208116609495,
              43.55513675889328
            ],
            [
              2.7559111670005616,
              43.55536133668703
            ],
            [
              2.7559111670005616,
              43.555810492274524
            ],
            [
              2.7559111670005616,
              43.55625964786202
            ],
            [
              2.7559111670005616,
              43.55670880344952
            ],
            [
              2.7556015223401737,
              43.55693338124326
            ],
            [
              2.755291877679786,
              43.55670880344952
            ],
            [
              2.755291877679786,
              43.55625964786202
            ],
            [
              2.755291877679786,
              43.555810492274524
            ],
            [
              2.7549822330193976,
              43.55558591448078
            ],
            [
              2.754362943698622,
              43.55558591448078
            ],
            [
              2.7537436543778457,
              43.55558591448078
            ],
            [
              2.75312436505707,
              43.55558591448078
            ],
            [
              2.752814720396682,
              43.555810492274524
            ],
            [
              2.752505075736294,
              43.556035070068276
            ],
            [
              2.751885786415518,
              43.556035070068276
            ],
            [
              2.7512664970947425,
              43.556035070068276
            ],
            [
              2.750956852434354,
              43.55625964786202
            ],
            [
              2.7506472077739663,
              43.55648422565577
            ],
            [
              2.7503375631135785,
              43.55670880344952
            ],
            [
              2.7503375631135785,
              43.55715795903701
            ],
            [
              2.7500279184531906,
              43.55738253683076
            ],
            [
              2.7497182737928023,
              43.55715795903701
            ],
            [
              2.7494086291324145,
              43.55693338124326
            ],
            [
              2.7490989844720266,
              43.55715795903701
            ],
            [
              2.7494086291324145,
              43.55738253683076
            ],
            [
              2.7497182737928023,
              43.55760711462451
            ],
            [
              2.7497182737928023,
              43.558056270212006
            ],
            [
              2.7497182737928023,
              43.5585054257995
            ],
            [
              2.7494086291324145,
              43.55873000359325
            ],
            [
              2.7487893398116388,
              43.55873000359325
            ],
            [
              2.748479695151251,
              43.5585054257995
            ],
            [
              2.7487893398116388,
              43.55828084800575
            ],
            [
              2.7490989844720266,
              43.558056270212006
            ],
            [
              2.7487893398116388,
              43.557831692418254
            ],
            [
              2.7481700504908626,
              43.557831692418254
            ],
            [
              2.7478604058304748,
              43.55760711462451
            ],
            [
              2.7481700504908626,
              43.55738253683076
            ],
            [
              2.748479695151251,
              43.55715795903701
            ],
            [
              2.7481700504908626,
              43.55693338124326
            ],
            [
              2.7478604058304748,
              43.55670880344952
            ],
            [
              2.7481700504908626,
              43.55648422565577
            ],
            [
              2.748479695151251,
              43.55625964786202
            ],
            [
              2.7481700504908626,
              43.556035070068276
            ],
            [
              2.747550761170087,
              43.556035070068276
            ],
            [
              2.7469314718493107,
              43.556035070068276
            ],
            [
              2.746621827188923,
              43.55625964786202
            ],
            [
              2.7469314718493107,
              43.55648422565577
            ],
            [
              2.747241116509699,
              43.55670880344952
            ],
            [
              2.747550761170087,
              43.55693338124326
            ],
            [
              2.7478604058304748,
              43.55715795903701
            ],
            [
              2.747550761170087,
              43.55738253683076
            ],
            [
              2.7469314718493107,
              43.55738253683076
            ],
            [
              2.746621827188923,
              43.55715795903701
            ],
            [
              2.746312182528535,
              43.55693338124326
            ],
            [
              2.746002537868147,
              43.55715795903701
            ],
            [
              2.7456928932077593,
              43.55738253683076
            ],
            [
              2.745383248547371,
              43.55760711462451
            ],
            [
              2.745383248547371,
              43.558056270212006
            ],
            [
              2.745073603886983,
              43.55828084800575
            ],
            [
              2.7447639592265953,
              43.558056270212006
            ],
            [
              2.7447639592265953,
              43.55760711462451
            ],
            [
              2.7447639592265953,
              43.55715795903701
            ],
            [
              2.7447639592265953,
              43.55670880344952
            ],
            [
              2.7447639592265953,
              43.55625964786202
            ],
            [
              2.7444543145662075,
              43.556035070068276
            ],
            [
              2.7438350252454313,
              43.556035070068276
            ],
            [
              2.7435253805850435,
              43.555810492274524
            ],
            [
              2.7432157359246556,
              43.55558591448078
            ],
            [
              2.7425964466038795,
              43.55558591448078
            ],
            [
              2.7422868019434916,
              43.555810492274524
            ],
            [
              2.7422868019434916,
              43.55625964786202
            ],
            [
              2.7422868019434916,
              43.55670880344952
            ],
            [
              2.7425964466038795,
              43.55693338124326
            ],
            [
              2.7429060912642673,
              43.55715795903701
            ],
            [
              2.7429060912642673,
              43.55760711462451
            ],
            [
              2.7425964466038795,
              43.557831692418254
            ],
            [
              2.7422868019434916,
              43.558056270212006
            ],
            [
              2.7425964466038795,
              43.55828084800575
            ],
            [
              2.7429060912642673,
              43.5585054257995
            ],
            [
              2.7432157359246556,
              43.55873000359325
            ],
            [
              2.7435253805850435,
              43.55895458138699
            ],
            [
              2.7432157359246556,
              43.559179159180744
            ],
            [
              2.7429060912642673,
              43.55940373697449
            ],
            [
              2.7425964466038795,
              43.55962831476824
            ],
            [
              2.7422868019434916,
              43.55940373697449
            ],
            [
              2.7422868019434916,
              43.55895458138699
            ],
            [
              2.7419771572831038,
              43.55873000359325
            ],
            [
              2.741667512622716,
              43.55895458138699
            ],
            [
              2.7413578679623276,
              43.559179159180744
            ],
            [
              2.7410482233019398,
              43.55895458138699
            ],
            [
              2.740738578641552,
              43.55873000359325
            ],
            [
              2.740428933981164,
              43.55895458138699
            ],
            [
              2.7401192893207758,
              43.559179159180744
            ],
            [
              2.739809644660388,
              43.55895458138699
            ],
            [
              2.7395,
              43.55873000359325
            ],
            [
              2.7825406077939254,
              43.5082
            ]
          ]
        ]
      }
    },
    {
      "type": "Feature",
      "properties": {
        "risk_code": "P50_HIGH",
        "risk_label": "Zone Orange : Forte Probabilit\u00e9 (P >= 50%)",
        "probability_threshold": 0.5,
        "time_minutes": 60,
        "stroke": "#ea580c",
        "fill": "#ea580c",
        "fill-opacity": 0.4
      },
      "geometry": {
        "type": "Polygon",
        "coordinates": [
          [
            [
              2.7395,
              43.55648422565577
            ],
            [
              2.739809644660388,
              43.55625964786202
            ],
            [
              2.7401192893207758,
              43.556035070068276
            ],
            [
              2.740738578641552,
              43.556035070068276
            ],
            [
              2.7410482233019398,
              43.555810492274524
            ],
            [
              2.740738578641552,
              43.55558591448078
            ],
            [
              2.7401192893207758,
              43.55558591448078
            ],
            [
              2.7395,
              43.55558591448078
            ],
            [
              2.7395,
              43.55648422565577
            ]
          ]
        ]
      }
    },
    {
      "type": "Feature",
      "properties": {
        "risk_code": "P50_HIGH",
        "risk_label": "Zone Orange : Forte Probabilit\u00e9 (P >= 50%)",
        "probability_threshold": 0.5,
        "time_minutes": 60,
        "stroke": "#ea580c",
        "fill": "#ea580c",
        "fill-opacity": 0.4
      },
      "geometry": {
        "type": "Polygon",
        "coordinates": [
          [
            [
              2.7395,
              43.55828084800575
            ],
            [
              2.7401192893207758,
              43.55828084800575
            ],
            [
              2.740738578641552,
              43.55828084800575
            ],
            [
              2.7410482233019398,
              43.558056270212006
            ],
            [
              2.7410482233019398,
              43.55760711462451
            ],
            [
              2.740738578641552,
              43.55738253683076
            ],
            [
              2.740428933981164,
              43.55760711462451
            ],
            [
              2.7401192893207758,
              43.557831692418254
            ],
            [
              2.739809644660388,
              43.55760711462451
            ],
            [
              2.7395,
              43.55738253683076
            ],
            [
              2.7395,
              43.55828084800575
            ]
          ]
        ]
      }
    },
    {
      "type": "Feature",
      "properties": {
        "risk_code": "P50_HIGH",
        "risk_label": "Zone Orange : Forte Probabilit\u00e9 (P >= 50%)",
        "probability_threshold": 0.5,
        "time_minutes": 60,
        "stroke": "#ea580c",
        "fill": "#ea580c",
        "fill-opacity": 0.4
      },
      "geometry": {
        "type": "Polygon",
        "coordinates": [
          [
            [
              2.7574593903025013,
              43.55558591448078
            ],
            [
              2.7580786796232775,
              43.55558591448078
            ],
            [
              2.7583883242836653,
              43.555810492274524
            ],
            [
              2.758697968944053,
              43.556035070068276
            ],
            [
              2.759007613604441,
              43.55625964786202
            ],
            [
              2.758697968944053,
              43.55648422565577
            ],
            [
              2.7580786796232775,
              43.55648422565577
            ],
            [
              2.757769034962889,
              43.55625964786202
            ],
            [
              2.7574593903025013,
              43.556035070068276
            ],
            [
              2.7571497456421135,
              43.555810492274524
            ],
            [
              2.7574593903025013,
              43.55558591448078
            ]
          ]
        ]
      }
    },
    {
      "type": "Feature",
      "properties": {
        "risk_code": "P50_HIGH",
        "risk_label": "Zone Orange : Forte Probabilit\u00e9 (P >= 50%)",
        "probability_threshold": 0.5,
        "time_minutes": 60,
        "stroke": "#ea580c",
        "fill": "#ea580c",
        "fill-opacity": 0.4
      },
      "geometry": {
        "type": "Polygon",
        "coordinates": [
          [
            [
              2.75312436505707,
              43.556035070068276
            ],
            [
              2.7537436543778457,
              43.556035070068276
            ],
            [
              2.754362943698622,
              43.556035070068276
            ],
            [
              2.7546725883590097,
              43.55625964786202
            ],
            [
              2.7546725883590097,
              43.55670880344952
            ],
            [
              2.7549822330193976,
              43.55693338124326
            ],
            [
              2.755291877679786,
              43.55715795903701
            ],
            [
              2.7549822330193976,
              43.55738253683076
            ],
            [
              2.754362943698622,
              43.55738253683076
            ],
            [
              2.754053299038234,
              43.55715795903701
            ],
            [
              2.7537436543778457,
              43.55693338124326
            ],
            [
              2.753434009717458,
              43.55670880344952
            ],
            [
              2.75312436505707,
              43.55648422565577
            ],
            [
              2.752814720396682,
              43.55625964786202
            ],
            [
              2.75312436505707,
              43.556035070068276
            ]
          ]
        ]
      }
    },
    {
      "type": "Feature",
      "properties": {
        "risk_code": "P50_HIGH",
        "risk_label": "Zone Orange : Forte Probabilit\u00e9 (P >= 50%)",
        "probability_threshold": 0.5,
        "time_minutes": 60,
        "stroke": "#ea580c",
        "fill": "#ea580c",
        "fill-opacity": 0.4
      },
      "geometry": {
        "type": "Polygon",
        "coordinates": [
          [
            [
              2.7568401009817256,
              43.556035070068276
            ],
            [
              2.7571497456421135,
              43.55625964786202
            ],
            [
              2.7568401009817256,
              43.55648422565577
            ],
            [
              2.7565304563213373,
              43.55625964786202
            ],
            [
              2.7568401009817256,
              43.556035070068276
            ]
          ]
        ]
      }
    },
    {
      "type": "Feature",
      "properties": {
        "risk_code": "P50_HIGH",
        "risk_label": "Zone Orange : Forte Probabilit\u00e9 (P >= 50%)",
        "probability_threshold": 0.5,
        "time_minutes": 60,
        "stroke": "#ea580c",
        "fill": "#ea580c",
        "fill-opacity": 0.4
      },
      "geometry": {
        "type": "Polygon",
        "coordinates": [
          [
            [
              2.7413578679623276,
              43.55648422565577
            ],
            [
              2.7410482233019398,
              43.55670880344952
            ],
            [
              2.7413578679623276,
              43.55693338124326
            ],
            [
              2.741667512622716,
              43.55670880344952
            ],
            [
              2.7413578679623276,
              43.55648422565577
            ]
          ]
        ]
      }
    },
    {
      "type": "Feature",
      "properties": {
        "risk_code": "P50_HIGH",
        "risk_label": "Zone Orange : Forte Probabilit\u00e9 (P >= 50%)",
        "probability_threshold": 0.5,
        "time_minutes": 60,
        "stroke": "#ea580c",
        "fill": "#ea580c",
        "fill-opacity": 0.4
      },
      "geometry": {
        "type": "Polygon",
        "coordinates": [
          [
            [
              2.7512664970947425,
              43.55648422565577
            ],
            [
              2.7515761417551303,
              43.55670880344952
            ],
            [
              2.7512664970947425,
              43.55693338124326
            ],
            [
              2.750956852434354,
              43.55670880344952
            ],
            [
              2.7512664970947425,
              43.55648422565577
            ]
          ]
        ]
      }
    },
    {
      "type": "Feature",
      "properties": {
        "risk_code": "P50_HIGH",
        "risk_label": "Zone Orange : Forte Probabilit\u00e9 (P >= 50%)",
        "probability_threshold": 0.5,
        "time_minutes": 60,
        "stroke": "#ea580c",
        "fill": "#ea580c",
        "fill-opacity": 0.4
      },
      "geometry": {
        "type": "Polygon",
        "coordinates": [
          [
            [
              2.7574593903025013,
              43.55648422565577
            ],
            [
              2.757769034962889,
              43.55670880344952
            ],
            [
              2.7574593903025013,
              43.55693338124326
            ],
            [
              2.7571497456421135,
              43.55670880344952
            ],
            [
              2.7574593903025013,
              43.55648422565577
            ]
          ]
        ]
      }
    },
    {
      "type": "Feature",
      "properties": {
        "risk_code": "P50_HIGH",
        "risk_label": "Zone Orange : Forte Probabilit\u00e9 (P >= 50%)",
        "probability_threshold": 0.5,
        "time_minutes": 60,
        "stroke": "#ea580c",
        "fill": "#ea580c",
        "fill-opacity": 0.4
      },
      "geometry": {
        "type": "Polygon",
        "coordinates": [
          [
            [
              2.7438350252454313,
              43.55693338124326
            ],
            [
              2.744144669905819,
              43.55715795903701
            ],
            [
              2.7438350252454313,
              43.55738253683076
            ],
            [
              2.7435253805850435,
              43.55715795903701
            ],
            [
              2.7438350252454313,
              43.55693338124326
            ]
          ]
        ]
      }
    },
    {
      "type": "Feature",
      "properties": {
        "risk_code": "P50_HIGH",
        "risk_label": "Zone Orange : Forte Probabilit\u00e9 (P >= 50%)",
        "probability_threshold": 0.5,
        "time_minutes": 60,
        "stroke": "#ea580c",
        "fill": "#ea580c",
        "fill-opacity": 0.4
      },
      "geometry": {
        "type": "Polygon",
        "coordinates": [
          [
            [
              2.752505075736294,
              43.55693338124326
            ],
            [
              2.75312436505707,
              43.55693338124326
            ],
            [
              2.753434009717458,
              43.55715795903701
            ],
            [
              2.7537436543778457,
              43.55738253683076
            ],
            [
              2.754053299038234,
              43.55760711462451
            ],
            [
              2.7537436543778457,
              43.557831692418254
            ],
            [
              2.75312436505707,
              43.557831692418254
            ],
            [
              2.752505075736294,
              43.557831692418254
            ],
            [
              2.752195431075906,
              43.55760711462451
            ],
            [
              2.752195431075906,
              43.55715795903701
            ],
            [
              2.752505075736294,
              43.55693338124326
            ]
          ]
        ]
      }
    },
    {
      "type": "Feature",
      "properties": {
        "risk_code": "P50_HIGH",
        "risk_label": "Zone Orange : Forte Probabilit\u00e9 (P >= 50%)",
        "probability_threshold": 0.5,
        "time_minutes": 60,
        "stroke": "#ea580c",
        "fill": "#ea580c",
        "fill-opacity": 0.4
      },
      "geometry": {
        "type": "Polygon",
        "coordinates": [
          [
            [
              2.746312182528535,
              43.55738253683076
            ],
            [
              2.746621827188923,
              43.55760711462451
            ],
            [
              2.746312182528535,
              43.557831692418254
            ],
            [
              2.746002537868147,
              43.55760711462451
            ],
            [
              2.746312182528535,
              43.55738253683076
            ]
          ]
        ]
      }
    },
    {
      "type": "Feature",
      "properties": {
        "risk_code": "P50_HIGH",
        "risk_label": "Zone Orange : Forte Probabilit\u00e9 (P >= 50%)",
        "probability_threshold": 0.5,
        "time_minutes": 60,
        "stroke": "#ea580c",
        "fill": "#ea580c",
        "fill-opacity": 0.4
      },
      "geometry": {
        "type": "Polygon",
        "coordinates": [
          [
            [
              2.7506472077739663,
              43.55738253683076
            ],
            [
              2.750956852434354,
              43.55760711462451
            ],
            [
              2.7506472077739663,
              43.557831692418254
            ],
            [
              2.7503375631135785,
              43.55760711462451
            ],
            [
              2.7506472077739663,
              43.55738253683076
            ]
          ]
        ]
      }
    },
    {
      "type": "Feature",
      "properties": {
        "risk_code": "P50_HIGH",
        "risk_label": "Zone Orange : Forte Probabilit\u00e9 (P >= 50%)",
        "probability_threshold": 0.5,
        "time_minutes": 60,
        "stroke": "#ea580c",
        "fill": "#ea580c",
        "fill-opacity": 0.4
      },
      "geometry": {
        "type": "Polygon",
        "coordinates": [
          [
            [
              2.7432157359246556,
              43.557831692418254
            ],
            [
              2.7438350252454313,
              43.557831692418254
            ],
            [
              2.744144669905819,
              43.558056270212006
            ],
            [
              2.7438350252454313,
              43.55828084800575
            ],
            [
              2.7432157359246556,
              43.55828084800575
            ],
            [
              2.7429060912642673,
              43.558056270212006
            ],
            [
              2.7432157359246556,
              43.557831692418254
            ]
          ]
        ]
      }
    },
    {
      "type": "Feature",
      "properties": {
        "risk_code": "P50_HIGH",
        "risk_label": "Zone Orange : Forte Probabilit\u00e9 (P >= 50%)",
        "probability_threshold": 0.5,
        "time_minutes": 60,
        "stroke": "#ea580c",
        "fill": "#ea580c",
        "fill-opacity": 0.4
      },
      "geometry": {
        "type": "Polygon",
        "coordinates": [
          [
            [
              2.7469314718493107,
              43.557831692418254
            ],
            [
              2.747550761170087,
              43.557831692418254
            ],
            [
              2.7478604058304748,
              43.558056270212006
            ],
            [
              2.7478604058304748,
              43.5585054257995
            ],
            [
              2.747550761170087,
              43.55873000359325
            ],
            [
              2.747241116509699,
              43.55895458138699
            ],
            [
              2.7469314718493107,
              43.559179159180744
            ],
            [
              2.746621827188923,
              43.55895458138699
            ],
            [
              2.746621827188923,
              43.5585054257995
            ],
            [
              2.746621827188923,
              43.558056270212006
            ],
            [
              2.7469314718493107,
              43.557831692418254
            ]
          ]
        ]
      }
    },
    {
      "type": "Feature",
      "properties": {
        "risk_code": "P50_HIGH",
        "risk_label": "Zone Orange : Forte Probabilit\u00e9 (P >= 50%)",
        "probability_threshold": 0.5,
        "time_minutes": 60,
        "stroke": "#ea580c",
        "fill": "#ea580c",
        "fill-opacity": 0.4
      },
      "geometry": {
        "type": "Polygon",
        "coordinates": [
          [
            [
              2.7444543145662075,
              43.55828084800575
            ],
            [
              2.7447639592265953,
              43.5585054257995
            ],
            [
              2.7447639592265953,
              43.55895458138699
            ],
            [
              2.7444543145662075,
              43.559179159180744
            ],
            [
              2.744144669905819,
              43.55895458138699
            ],
            [
              2.744144669905819,
              43.5585054257995
            ],
            [
              2.7444543145662075,
              43.55828084800575
            ]
          ]
        ]
      }
    },
    {
      "type": "Feature",
      "properties": {
        "risk_code": "P50_HIGH",
        "risk_label": "Zone Orange : Forte Probabilit\u00e9 (P >= 50%)",
        "probability_threshold": 0.5,
        "time_minutes": 60,
        "stroke": "#ea580c",
        "fill": "#ea580c",
        "fill-opacity": 0.4
      },
      "geometry": {
        "type": "Polygon",
        "coordinates": [
          [
            [
              2.7456928932077593,
              43.55828084800575
            ],
            [
              2.746002537868147,
              43.5585054257995
            ],
            [
              2.746002537868147,
              43.55895458138699
            ],
            [
              2.7456928932077593,
              43.559179159180744
            ],
            [
              2.745383248547371,
              43.55895458138699
            ],
            [
              2.745383248547371,
              43.5585054257995
            ],
            [
              2.7456928932077593,
              43.55828084800575
            ]
          ]
        ]
      }
    },
    {
      "type": "Feature",
      "properties": {
        "risk_code": "P20_MODERATE",
        "risk_label": "Zone Jaune : Enveloppe de Vigilance (P >= 20%)",
        "probability_threshold": 0.2,
        "time_minutes": 60,
        "stroke": "#eab308",
        "fill": "#eab308",
        "fill-opacity": 0.25
      },
      "geometry": {
        "type": "Polygon",
        "coordinates": [
          [
            [
              2.787494922360133,
              43.5082
            ],
            [
              2.787494922360133,
              43.5086491555875
            ],
            [
              2.787185277699745,
              43.50887373338124
            ],
            [
              2.786875633039357,
              43.509098311174995
            ],
            [
              2.786875633039357,
              43.50954746676249
            ],
            [
              2.786875633039357,
              43.50999662234999
            ],
            [
              2.786875633039357,
              43.51044577793748
            ],
            [
              2.786565988378969,
              43.51067035573123
            ],
            [
              2.786256343718581,
              43.51089493352497
            ],
            [
              2.786256343718581,
              43.51134408911247
            ],
            [
              2.785946699058193,
              43.51156866690622
            ],
            [
              2.7856370543978053,
              43.511793244699966
            ],
            [
              2.7856370543978053,
              43.51224240028746
            ],
            [
              2.785327409737417,
              43.51246697808121
            ],
            [
              2.785017765077029,
              43.51269155587496
            ],
            [
              2.785017765077029,
              43.513140711462455
            ],
            [
              2.7847081204166413,
              43.5133652892562
            ],
            [
              2.7843984757562534,
              43.51358986704995
            ],
            [
              2.7840888310958656,
              43.513814444843696
            ],
            [
              2.7837791864354773,
              43.51403902263744
            ],
            [
              2.7837791864354773,
              43.51448817822494
            ],
            [
              2.7834695417750894,
              43.51471275601869
            ],
            [
              2.7831598971147016,
              43.51493733381243
            ],
            [
              2.7828502524543137,
              43.515161911606185
            ],
            [
              2.7825406077939254,
              43.51538648939993
            ],
            [
              2.7822309631335376,
              43.51561106719368
            ],
            [
              2.7819213184731497,
              43.515835644987426
            ],
            [
              2.7819213184731497,
              43.51628480057492
            ],
            [
              2.7819213184731497,
              43.51673395616242
            ],
            [
              2.781611673812762,
              43.51695853395616
            ],
            [
              2.781302029152374,
              43.517183111749915
            ],
            [
              2.781302029152374,
              43.517632267337405
            ],
            [
              2.7809923844919857,
              43.517856845131156
            ],
            [
              2.780682739831598,
              43.5180814229249
            ],
            [
              2.78037309517121,
              43.51830600071865
            ],
            [
              2.780063450510822,
              43.5185305785124
            ],
            [
              2.779753805850434,
              43.51875515630615
            ],
            [
              2.779444161190046,
              43.518979734099894
            ],
            [
              2.779134516529658,
              43.519204311893645
            ],
            [
              2.7788248718692703,
              43.51942888968739
            ],
            [
              2.7785152272088824,
              43.519653467481135
            ],
            [
              2.778205582548494,
              43.519878045274886
            ],
            [
              2.7778959378881063,
              43.52010262306863
            ],
            [
              2.7772766485673306,
              43.52010262306863
            ],
            [
              2.7769670039069423,
              43.52032720086238
            ],
            [
              2.7766573592465544,
              43.52055177865613
            ],
            [
              2.7760380699257787,
              43.52055177865613
            ],
            [
              2.7757284252653904,
              43.52077635644988
            ],
            [
              2.7754187806050026,
              43.521000934243624
            ],
            [
              2.774799491284227,
              43.521000934243624
            ],
            [
              2.774489846623839,
              43.521225512037375
            ],
            [
              2.7741802019634507,
              43.52145008983112
            ],
            [
              2.773870557303063,
              43.521225512037375
            ],
            [
              2.773870557303063,
              43.52077635644988
            ],
            [
              2.773560912642675,
              43.52055177865613
            ],
            [
              2.773251267982287,
              43.52032720086238
            ],
            [
              2.773251267982287,
              43.519878045274886
            ],
            [
              2.773251267982287,
              43.51942888968739
            ],
            [
              2.772941623321899,
              43.519204311893645
            ],
            [
              2.772631978661511,
              43.518979734099894
            ],
            [
              2.772631978661511,
              43.5185305785124
            ],
            [
              2.772322334001123,
              43.51830600071865
            ],
            [
              2.7720126893407353,
              43.5180814229249
            ],
            [
              2.7720126893407353,
              43.517632267337405
            ],
            [
              2.7717030446803474,
              43.51740768954366
            ],
            [
              2.771393400019959,
              43.517183111749915
            ],
            [
              2.771393400019959,
              43.51673395616242
            ],
            [
              2.7710837553595713,
              43.51650937836867
            ],
            [
              2.7704644660387956,
              43.51650937836867
            ],
            [
              2.7698451767180194,
              43.51650937836867
            ],
            [
              2.7695355320576316,
              43.51673395616242
            ],
            [
              2.7695355320576316,
              43.517183111749915
            ],
            [
              2.7695355320576316,
              43.517632267337405
            ],
            [
              2.7695355320576316,
              43.5180814229249
            ],
            [
              2.7698451767180194,
              43.51830600071865
            ],
            [
              2.7701548213784073,
              43.5185305785124
            ],
            [
              2.7701548213784073,
              43.518979734099894
            ],
            [
              2.7701548213784073,
              43.51942888968739
            ],
            [
              2.7704644660387956,
              43.519653467481135
            ],
            [
              2.7707741106991834,
              43.519878045274886
            ],
            [
              2.7707741106991834,
              43.52032720086238
            ],
            [
              2.7710837553595713,
              43.52055177865613
            ],
            [
              2.771393400019959,
              43.52077635644988
            ],
            [
              2.771393400019959,
              43.521225512037375
            ],
            [
              2.7717030446803474,
              43.52145008983112
            ],
            [
              2.7720126893407353,
              43.521674667624865
            ],
            [
              2.7720126893407353,
              43.52212382321236
            ],
            [
              2.7720126893407353,
              43.52257297879986
            ],
            [
              2.772322334001123,
              43.52279755659361
            ],
            [
              2.772631978661511,
              43.523022134387354
            ],
            [
              2.772631978661511,
              43.52347128997485
            ],
            [
              2.772941623321899,
              43.523695867768595
            ],
            [
              2.773251267982287,
              43.52392044556235
            ],
            [
              2.773251267982287,
              43.52436960114984
            ],
            [
              2.773560912642675,
              43.52459417894359
            ],
            [
              2.773870557303063,
              43.52481875673734
            ],
            [
              2.773870557303063,
              43.52526791232483
            ],
            [
              2.7741802019634507,
              43.52549249011858
            ],
            [
              2.774489846623839,
              43.525717067912325
            ],
            [
              2.774489846623839,
              43.52616622349982
            ],
            [
              2.774799491284227,
              43.52639080129357
            ],
            [
              2.7751091359446147,
              43.52661537908732
            ],
            [
              2.7751091359446147,
              43.527064534674814
            ],
            [
              2.7751091359446147,
              43.52751369026231
            ],
            [
              2.7754187806050026,
              43.527738268056055
            ],
            [
              2.7757284252653904,
              43.52796284584981
            ],
            [
              2.7757284252653904,
              43.5284120014373
            ],
            [
              2.7760380699257787,
              43.52863657923105
            ],
            [
              2.7763477145861666,
              43.52886115702479
            ],
            [
              2.7763477145861666,
              43.52931031261229
            ],
            [
              2.7766573592465544,
              43.52953489040604
            ],
            [
              2.7769670039069423,
              43.529759468199785
            ],
            [
              2.7769670039069423,
              43.53020862378728
            ],
            [
              2.7769670039069423,
              43.53065777937478
            ],
            [
              2.7772766485673306,
              43.53088235716852
            ],
            [
              2.7775862932277184,
              43.531106934962274
            ],
            [
              2.7775862932277184,
              43.53155609054977
            ],
            [
              2.7778959378881063,
              43.531780668343515
            ],
            [
              2.778205582548494,
              43.53200524613727
            ],
            [
              2.778205582548494,
              43.53245440172476
            ],
            [
              2.7785152272088824,
              43.53267897951851
            ],
            [
              2.7788248718692703,
              43.53290355731225
            ],
            [
              2.7788248718692703,
              43.53335271289975
            ],
            [
              2.779134516529658,
              43.5335772906935
            ],
            [
              2.779444161190046,
              43.533801868487245
            ],
            [
              2.779444161190046,
              43.53425102407474
            ],
            [
              2.779753805850434,
              43.534475601868486
            ],
            [
              2.780063450510822,
              43.53470017966224
            ],
            [
              2.780063450510822,
              43.535149335249734
            ],
            [
              2.780063450510822,
              43.53559849083723
            ],
            [
              2.78037309517121,
              43.535823068630975
            ],
            [
              2.780682739831598,
              43.53604764642473
            ],
            [
              2.780682739831598,
              43.536496802012216
            ],
            [
              2.7809923844919857,
              43.53672137980597
            ],
            [
              2.781302029152374,
              43.53694595759971
            ],
            [
              2.781302029152374,
              43.53739511318721
            ],
            [
              2.781611673812762,
              43.53761969098096
            ],
            [
              2.7819213184731497,
              43.537844268774705
            ],
            [
              2.7819213184731497,
              43.5382934243622
            ],
            [
              2.7819213184731497,
              43.5387425799497
            ],
            [
              2.7822309631335376,
              43.53896715774344
            ],
            [
              2.7825406077939254,
              43.539191735537194
            ],
            [
              2.7825406077939254,
              43.53964089112469
            ],
            [
              2.7828502524543137,
              43.539865468918435
            ],
            [
              2.7831598971147016,
              43.54009004671218
            ],
            [
              2.7831598971147016,
              43.540539202299676
            ],
            [
              2.7831598971147016,
              43.54098835788717
            ],
            [
              2.7831598971147016,
              43.54143751347467
            ],
            [
              2.7828502524543137,
              43.54166209126842
            ],
            [
              2.7825406077939254,
              43.541886669062166
            ],
            [
              2.7822309631335376,
              43.54211124685591
            ],
            [
              2.7819213184731497,
              43.54233582464966
            ],
            [
              2.781611673812762,
              43.54256040244341
            ],
            [
              2.781302029152374,
              43.54278498023716
            ],
            [
              2.781302029152374,
              43.543234135824655
            ],
            [
              2.7809923844919857,
              43.5434587136184
            ],
            [
              2.780682739831598,
              43.543683291412144
            ],
            [
              2.780682739831598,
              43.54413244699964
            ],
            [
              2.78037309517121,
              43.54435702479339
            ],
            [
              2.780063450510822,
              43.54458160258714
            ],
            [
              2.779753805850434,
              43.54480618038089
            ],
            [
              2.779444161190046,
              43.54503075817463
            ],
            [
              2.779444161190046,
              43.54547991376213
            ],
            [
              2.779444161190046,
              43.545929069349626
            ],
            [
              2.779134516529658,
              43.54615364714337
            ],
            [
              2.7788248718692703,
              43.54637822493712
            ],
            [
              2.7788248718692703,
              43.54682738052462
            ],
            [
              2.7788248718692703,
              43.547276536112115
            ],
            [
              2.7788248718692703,
              43.547725691699604
            ],
            [
              2.7785152272088824,
              43.547950269493356
            ],
            [
              2.7778959378881063,
              43.547950269493356
            ],
            [
              2.7775862932277184,
              43.5481748472871
            ],
            [
              2.7772766485673306,
              43.54839942508085
            ],
            [
              2.7769670039069423,
              43.5486240028746
            ],
            [
              2.7772766485673306,
              43.54884858066835
            ],
            [
              2.7775862932277184,
              43.54907315846209
            ],
            [
              2.7772766485673306,
              43.54929773625584
            ],
            [
              2.7766573592465544,
              43.54929773625584
            ],
            [
              2.7763477145861666,
              43.54952231404959
            ],
            [
              2.7763477145861666,
              43.549971469637086
            ],
            [
              2.7760380699257787,
              43.55019604743083
            ],
            [
              2.7757284252653904,
              43.55042062522458
            ],
            [
              2.7757284252653904,
              43.55086978081208
            ],
            [
              2.7757284252653904,
              43.55131893639957
            ],
            [
              2.7757284252653904,
              43.551768091987064
            ],
            [
              2.7754187806050026,
              43.551992669780816
            ],
            [
              2.7751091359446147,
              43.55221724757456
            ],
            [
              2.774799491284227,
              43.55244182536831
            ],
            [
              2.774489846623839,
              43.55266640316206
            ],
            [
              2.774489846623839,
              43.55311555874955
            ],
            [
              2.7741802019634507,
              43.5533401365433
            ],
            [
              2.773870557303063,
              43.55356471433705
            ],
            [
              2.773560912642675,
              43.553789292130794
            ],
            [
              2.773251267982287,
              43.554013869924546
            ],
            [
              2.772941623321899,
              43.55423844771829
            ],
            [
              2.772322334001123,
              43.55423844771829
            ],
            [
              2.7720126893407353,
              43.55446302551204
            ],
            [
              2.7717030446803474,
              43.55468760330579
            ],
            [
              2.771393400019959,
              43.55491218109953
            ],
            [
              2.7710837553595713,
              43.55513675889328
            ],
            [
              2.7707741106991834,
              43.55536133668703
            ],
            [
              2.7704644660387956,
              43.55558591448078
            ],
            [
              2.7701548213784073,
              43.555810492274524
            ],
            [
              2.7698451767180194,
              43.556035070068276
            ],
            [
              2.7695355320576316,
              43.55625964786202
            ],
            [
              2.7692258873972437,
              43.55648422565577
            ],
            [
              2.7689162427368554,
              43.55625964786202
            ],
            [
              2.7686065980764676,
              43.556035070068276
            ],
            [
              2.767987308755692,
              43.556035070068276
            ],
            [
              2.767677664095304,
              43.55625964786202
            ],
            [
              2.767987308755692,
              43.55648422565577
            ],
            [
              2.7682969534160797,
              43.55670880344952
            ],
            [
              2.767987308755692,
              43.55693338124326
            ],
            [
              2.767677664095304,
              43.55715795903701
            ],
            [
              2.7673680194349157,
              43.55738253683076
            ],
            [
              2.76674873011414,
              43.55738253683076
            ],
            [
              2.766439085453752,
              43.55715795903701
            ],
            [
              2.766129440793364,
              43.55693338124326
            ],
            [
              2.765510151472588,
              43.55693338124326
            ],
            [
              2.7652005068122003,
              43.55715795903701
            ],
            [
              2.7652005068122003,
              43.55760711462451
            ],
            [
              2.7652005068122003,
              43.558056270212006
            ],
            [
              2.7648908621518125,
              43.55828084800575
            ],
            [
              2.7642715728310363,
              43.55828084800575
            ],
            [
              2.7639619281706485,
              43.5585054257995
            ],
            [
              2.7636522835102606,
              43.55873000359325
            ],
            [
              2.7630329941894844,
              43.55873000359325
            ],
            [
              2.7624137048687087,
              43.55873000359325
            ],
            [
              2.7617944155479326,
              43.55873000359325
            ],
            [
              2.7614847708875447,
              43.55895458138699
            ],
            [
              2.7617944155479326,
              43.559179159180744
            ],
            [
              2.7624137048687087,
              43.559179159180744
            ],
            [
              2.7627233495290966,
              43.55940373697449
            ],
            [
              2.7624137048687087,
              43.55962831476824
            ],
            [
              2.7617944155479326,
              43.55962831476824
            ],
            [
              2.7614847708875447,
              43.559852892561985
            ],
            [
              2.761175126227157,
              43.560077470355736
            ],
            [
              2.7605558369063807,
              43.560077470355736
            ],
            [
              2.760246192245993,
              43.559852892561985
            ],
            [
              2.759936547585605,
              43.55962831476824
            ],
            [
              2.759626902925217,
              43.559852892561985
            ],
            [
              2.759317258264829,
              43.560077470355736
            ],
            [
              2.759007613604441,
              43.56030204814948
            ],
            [
              2.759317258264829,
              43.560526625943226
            ],
            [
              2.759626902925217,
              43.56075120373698
            ],
            [
              2.759317258264829,
              43.56097578153072
            ],
            [
              2.758697968944053,
              43.56097578153072
            ],
            [
              2.7583883242836653,
              43.56075120373698
            ],
            [
              2.7580786796232775,
              43.560526625943226
            ],
            [
              2.757769034962889,
              43.56075120373698
            ],
            [
              2.757769034962889,
              43.561200359324474
            ],
            [
              2.7574593903025013,
              43.56142493711822
            ],
            [
              2.7568401009817256,
              43.56142493711822
            ],
            [
              2.7562208116609495,
              43.56142493711822
            ],
            [
              2.7559111670005616,
              43.56164951491197
            ],
            [
              2.7556015223401737,
              43.561874092705715
            ],
            [
              2.755291877679786,
              43.562098670499466
            ],
            [
              2.7549822330193976,
              43.56232324829321
            ],
            [
              2.754362943698622,
              43.56232324829321
            ],
            [
              2.754053299038234,
              43.562547826086956
            ],
            [
              2.754053299038234,
              43.56299698167445
            ],
            [
              2.7537436543778457,
              43.563221559468204
            ],
            [
              2.75312436505707,
              43.563221559468204
            ],
            [
              2.752505075736294,
              43.563221559468204
            ],
            [
              2.752195431075906,
              43.56344613726195
            ],
            [
              2.752195431075906,
              43.563895292849445
            ],
            [
              2.751885786415518,
              43.5641198706432
            ],
            [
              2.7512664970947425,
              43.5641198706432
            ],
            [
              2.7506472077739663,
              43.5641198706432
            ],
            [
              2.7503375631135785,
              43.56434444843694
            ],
            [
              2.7500279184531906,
              43.564569026230686
            ],
            [
              2.7497182737928023,
              43.56479360402444
            ],
            [
              2.7494086291324145,
              43.56501818181818
            ],
            [
              2.7487893398116388,
              43.56501818181818
            ],
            [
              2.748479695151251,
              43.565242759611934
            ],
            [
              2.787494922360133,
              43.5082
            ]
          ]
        ]
      }
    },
    {
      "type": "Feature",
      "properties": {
        "risk_code": "P20_MODERATE",
        "risk_label": "Zone Jaune : Enveloppe de Vigilance (P >= 20%)",
        "probability_threshold": 0.2,
        "time_minutes": 60,
        "stroke": "#eab308",
        "fill": "#eab308",
        "fill-opacity": 0.25
      },
      "geometry": {
        "type": "Polygon",
        "coordinates": [
          [
            [
              2.7778959378881063,
              43.54839942508085
            ],
            [
              2.778205582548494,
              43.5486240028746
            ],
            [
              2.7778959378881063,
              43.54884858066835
            ],
            [
              2.7775862932277184,
              43.5486240028746
            ],
            [
              2.7778959378881063,
              43.54839942508085
            ]
          ]
        ]
      }
    },
    {
      "type": "Feature",
      "properties": {
        "risk_code": "P20_MODERATE",
        "risk_label": "Zone Jaune : Enveloppe de Vigilance (P >= 20%)",
        "probability_threshold": 0.2,
        "time_minutes": 60,
        "stroke": "#eab308",
        "fill": "#eab308",
        "fill-opacity": 0.25
      },
      "geometry": {
        "type": "Polygon",
        "coordinates": [
          [
            [
              2.7642715728310363,
              43.55738253683076
            ],
            [
              2.7639619281706485,
              43.55760711462451
            ],
            [
              2.7642715728310363,
              43.557831692418254
            ],
            [
              2.764581217491424,
              43.55760711462451
            ],
            [
              2.7642715728310363,
              43.55738253683076
            ]
          ]
        ]
      }
    },
    {
      "type": "Feature",
      "properties": {
        "risk_code": "P20_MODERATE",
        "risk_label": "Zone Jaune : Enveloppe de Vigilance (P >= 20%)",
        "probability_threshold": 0.2,
        "time_minutes": 60,
        "stroke": "#eab308",
        "fill": "#eab308",
        "fill-opacity": 0.25
      },
      "geometry": {
        "type": "Polygon",
        "coordinates": [
          [
            [
              2.766129440793364,
              43.55738253683076
            ],
            [
              2.766439085453752,
              43.55760711462451
            ],
            [
              2.766129440793364,
              43.557831692418254
            ],
            [
              2.765819796132976,
              43.55760711462451
            ],
            [
              2.766129440793364,
              43.55738253683076
            ]
          ]
        ]
      }
    },
    {
      "type": "Feature",
      "properties": {
        "type": "SPOT_FIRE_EMBER",
        "time_minutes": 6.8,
        "distance_m": 136.0,
        "description": "Saute de feu secondaire \u00e0 T+6.8 min (Distance: 136.0m)"
      },
      "geometry": {
        "type": "Point",
        "coordinates": [
          2.7506472077739663,
          43.53065777937478
        ]
      }
    },
    {
      "type": "Feature",
      "properties": {
        "type": "SPOT_FIRE_EMBER",
        "time_minutes": 7.0,
        "distance_m": 170.0,
        "description": "Saute de feu secondaire \u00e0 T+7.0 min (Distance: 170.0m)"
      },
      "geometry": {
        "type": "Point",
        "coordinates": [
          2.7506472077739663,
          43.52886115702479
        ]
      }
    },
    {
      "type": "Feature",
      "properties": {
        "type": "SPOT_FIRE_EMBER",
        "time_minutes": 7.9,
        "distance_m": 216.0,
        "description": "Saute de feu secondaire \u00e0 T+7.9 min (Distance: 216.0m)"
      },
      "geometry": {
        "type": "Point",
        "coordinates": [
          2.747550761170087,
          43.52616622349982
        ]
      }
    },
    {
      "type": "Feature",
      "properties": {
        "type": "SPOT_FIRE_EMBER",
        "time_minutes": 8.5,
        "distance_m": 258.0,
        "description": "Saute de feu secondaire \u00e0 T+8.5 min (Distance: 258.0m)"
      },
      "geometry": {
        "type": "Point",
        "coordinates": [
          2.7456928932077593,
          43.52661537908732
        ]
      }
    },
    {
      "type": "Feature",
      "properties": {
        "type": "SPOT_FIRE_EMBER",
        "time_minutes": 8.1,
        "distance_m": 128.0,
        "description": "Saute de feu secondaire \u00e0 T+8.1 min (Distance: 128.0m)"
      },
      "geometry": {
        "type": "Point",
        "coordinates": [
          2.7432157359246556,
          43.53200524613727
        ]
      }
    },
    {
      "type": "Feature",
      "properties": {
        "type": "SPOT_FIRE_EMBER",
        "time_minutes": 8.9,
        "distance_m": 226.0,
        "description": "Saute de feu secondaire \u00e0 T+8.9 min (Distance: 226.0m)"
      },
      "geometry": {
        "type": "Point",
        "coordinates": [
          2.7419771572831038,
          43.52886115702479
        ]
      }
    },
    {
      "type": "Feature",
      "properties": {
        "type": "SPOT_FIRE_EMBER",
        "time_minutes": 8.5,
        "distance_m": 104.0,
        "description": "Saute de feu secondaire \u00e0 T+8.5 min (Distance: 104.0m)"
      },
      "geometry": {
        "type": "Point",
        "coordinates": [
          2.7456928932077593,
          43.525717067912325
        ]
      }
    },
    {
      "type": "Feature",
      "properties": {
        "type": "SPOT_FIRE_EMBER",
        "time_minutes": 9.1,
        "distance_m": 228.0,
        "description": "Saute de feu secondaire \u00e0 T+9.1 min (Distance: 228.0m)"
      },
      "geometry": {
        "type": "Point",
        "coordinates": [
          2.765510151472588,
          43.52257297879986
        ]
      }
    },
    {
      "type": "Feature",
      "properties": {
        "type": "SPOT_FIRE_EMBER",
        "time_minutes": 9.3,
        "distance_m": 243.0,
        "description": "Saute de feu secondaire \u00e0 T+9.3 min (Distance: 243.0m)"
      },
      "geometry": {
        "type": "Point",
        "coordinates": [
          2.7419771572831038,
          43.527064534674814
        ]
      }
    },
    {
      "type": "Feature",
      "properties": {
        "type": "SPOT_FIRE_EMBER",
        "time_minutes": 9.9,
        "distance_m": 209.0,
        "description": "Saute de feu secondaire \u00e0 T+9.9 min (Distance: 209.0m)"
      },
      "geometry": {
        "type": "Point",
        "coordinates": [
          2.7401192893207758,
          43.52616622349982
        ]
      }
    },
    {
      "type": "Feature",
      "properties": {
        "type": "SPOT_FIRE_EMBER",
        "time_minutes": 10.2,
        "distance_m": 155.0,
        "description": "Saute de feu secondaire \u00e0 T+10.2 min (Distance: 155.0m)"
      },
      "geometry": {
        "type": "Point",
        "coordinates": [
          2.7556015223401737,
          43.517632267337405
        ]
      }
    },
    {
      "type": "Feature",
      "properties": {
        "type": "SPOT_FIRE_EMBER",
        "time_minutes": 11.1,
        "distance_m": 336.0,
        "description": "Saute de feu secondaire \u00e0 T+11.1 min (Distance: 336.0m)"
      },
      "geometry": {
        "type": "Point",
        "coordinates": [
          2.740738578641552,
          43.515835644987426
        ]
      }
    },
    {
      "type": "Feature",
      "properties": {
        "type": "SPOT_FIRE_EMBER",
        "time_minutes": 10.5,
        "distance_m": 128.0,
        "description": "Saute de feu secondaire \u00e0 T+10.5 min (Distance: 128.0m)"
      },
      "geometry": {
        "type": "Point",
        "coordinates": [
          2.7395,
          43.52077635644988
        ]
      }
    },
    {
      "type": "Feature",
      "properties": {
        "type": "SPOT_FIRE_EMBER",
        "time_minutes": 11.8,
        "distance_m": 208.0,
        "description": "Saute de feu secondaire \u00e0 T+11.8 min (Distance: 208.0m)"
      },
      "geometry": {
        "type": "Point",
        "coordinates": [
          2.746312182528535,
          43.513140711462455
        ]
      }
    },
    {
      "type": "Feature",
      "properties": {
        "type": "SPOT_FIRE_EMBER",
        "time_minutes": 14.1,
        "distance_m": 436.0,
        "description": "Saute de feu secondaire \u00e0 T+14.1 min (Distance: 436.0m)"
      },
      "geometry": {
        "type": "Point",
        "coordinates": [
          2.7481700504908626,
          43.51089493352497
        ]
      }
    },
    {
      "type": "Feature",
      "properties": {
        "type": "SPOT_FIRE_EMBER",
        "time_minutes": 14.4,
        "distance_m": 340.0,
        "description": "Saute de feu secondaire \u00e0 T+14.4 min (Distance: 340.0m)"
      },
      "geometry": {
        "type": "Point",
        "coordinates": [
          2.752505075736294,
          43.51134408911247
        ]
      }
    },
    {
      "type": "Feature",
      "properties": {
        "type": "SPOT_FIRE_EMBER",
        "time_minutes": 8.3,
        "distance_m": 356.0,
        "description": "Saute de feu secondaire \u00e0 T+8.3 min (Distance: 356.0m)"
      },
      "geometry": {
        "type": "Point",
        "coordinates": [
          2.759317258264829,
          43.5185305785124
        ]
      }
    },
    {
      "type": "Feature",
      "properties": {
        "type": "SPOT_FIRE_EMBER",
        "time_minutes": 7.9,
        "distance_m": 101.0,
        "description": "Saute de feu secondaire \u00e0 T+7.9 min (Distance: 101.0m)"
      },
      "geometry": {
        "type": "Point",
        "coordinates": [
          2.759317258264829,
          43.5180814229249
        ]
      }
    },
    {
      "type": "Feature",
      "properties": {
        "type": "SPOT_FIRE_EMBER",
        "time_minutes": 8.5,
        "distance_m": 148.0,
        "description": "Saute de feu secondaire \u00e0 T+8.5 min (Distance: 148.0m)"
      },
      "geometry": {
        "type": "Point",
        "coordinates": [
          2.7562208116609495,
          43.519878045274886
        ]
      }
    },
    {
      "type": "Feature",
      "properties": {
        "type": "SPOT_FIRE_EMBER",
        "time_minutes": 9.5,
        "distance_m": 256.0,
        "description": "Saute de feu secondaire \u00e0 T+9.5 min (Distance: 256.0m)"
      },
      "geometry": {
        "type": "Point",
        "coordinates": [
          2.758697968944053,
          43.51448817822494
        ]
      }
    },
    {
      "type": "Feature",
      "properties": {
        "type": "SPOT_FIRE_EMBER",
        "time_minutes": 9.7,
        "distance_m": 233.0,
        "description": "Saute de feu secondaire \u00e0 T+9.7 min (Distance: 233.0m)"
      },
      "geometry": {
        "type": "Point",
        "coordinates": [
          2.752505075736294,
          43.5185305785124
        ]
      }
    },
    {
      "type": "Feature",
      "properties": {
        "type": "SPOT_FIRE_EMBER",
        "time_minutes": 9.1,
        "distance_m": 111.0,
        "description": "Saute de feu secondaire \u00e0 T+9.1 min (Distance: 111.0m)"
      },
      "geometry": {
        "type": "Point",
        "coordinates": [
          2.765510151472588,
          43.51134408911247
        ]
      }
    },
    {
      "type": "Feature",
      "properties": {
        "type": "SPOT_FIRE_EMBER",
        "time_minutes": 10.0,
        "distance_m": 255.0,
        "description": "Saute de feu secondaire \u00e0 T+10.0 min (Distance: 255.0m)"
      },
      "geometry": {
        "type": "Point",
        "coordinates": [
          2.758697968944053,
          43.51269155587496
        ]
      }
    },
    {
      "type": "Feature",
      "properties": {
        "type": "SPOT_FIRE_EMBER",
        "time_minutes": 9.7,
        "distance_m": 130.0,
        "description": "Saute de feu secondaire \u00e0 T+9.7 min (Distance: 130.0m)"
      },
      "geometry": {
        "type": "Point",
        "coordinates": [
          2.751885786415518,
          43.517632267337405
        ]
      }
    },
    {
      "type": "Feature",
      "properties": {
        "type": "SPOT_FIRE_EMBER",
        "time_minutes": 10.1,
        "distance_m": 159.0,
        "description": "Saute de feu secondaire \u00e0 T+10.1 min (Distance: 159.0m)"
      },
      "geometry": {
        "type": "Point",
        "coordinates": [
          2.7537436543778457,
          43.51628480057492
        ]
      }
    },
    {
      "type": "Feature",
      "properties": {
        "type": "SPOT_FIRE_EMBER",
        "time_minutes": 10.9,
        "distance_m": 177.0,
        "description": "Saute de feu secondaire \u00e0 T+10.9 min (Distance: 177.0m)"
      },
      "geometry": {
        "type": "Point",
        "coordinates": [
          2.7512664970947425,
          43.51538648939993
        ]
      }
    },
    {
      "type": "Feature",
      "properties": {
        "type": "SPOT_FIRE_EMBER",
        "time_minutes": 10.9,
        "distance_m": 98.0,
        "description": "Saute de feu secondaire \u00e0 T+10.9 min (Distance: 98.0m)"
      },
      "geometry": {
        "type": "Point",
        "coordinates": [
          2.7512664970947425,
          43.51448817822494
        ]
      }
    },
    {
      "type": "Feature",
      "properties": {
        "type": "SPOT_FIRE_EMBER",
        "time_minutes": 11.8,
        "distance_m": 166.0,
        "description": "Saute de feu secondaire \u00e0 T+11.8 min (Distance: 166.0m)"
      },
      "geometry": {
        "type": "Point",
        "coordinates": [
          2.752505075736294,
          43.51089493352497
        ]
      }
    },
    {
      "type": "Feature",
      "properties": {
        "type": "SPOT_FIRE_EMBER",
        "time_minutes": 12.4,
        "distance_m": 220.0,
        "description": "Saute de feu secondaire \u00e0 T+12.4 min (Distance: 220.0m)"
      },
      "geometry": {
        "type": "Point",
        "coordinates": [
          2.751885786415518,
          43.50999662234999
        ]
      }
    },
    {
      "type": "Feature",
      "properties": {
        "type": "SPOT_FIRE_EMBER",
        "time_minutes": 13.2,
        "distance_m": 123.0,
        "description": "Saute de feu secondaire \u00e0 T+13.2 min (Distance: 123.0m)"
      },
      "geometry": {
        "type": "Point",
        "coordinates": [
          2.7500279184531906,
          43.5086491555875
        ]
      }
    }
  ]
}